 {
          "label": "Capabilties",
          "levelNo": "1",
          "level": [
            {
              "label": "Business Process",
              "levelNo": "2",
              "description": "Business Process text",
              "level": [
                {
                  "label": "PTP",
                  "levelNo": "3",
                  "displayText": "Business Process",
                  "description": "PTP text",
                  "level": [
                    {
                      "label": "Procurerment"
                    },
                    {
                      "label": "Account payable",
                      "levelNo": "4",
                      "displayText": "PTP",
                      "description": "Account Payable Text",
                      "level": [
                        {
                          "label": "AP-AR Netting"
                        },
                        {
                          "label": "Process Invoices",
                          "levelNo": "5",
                          "displayText": "Account payable",
                          "description": "Process Invoices Text",
                          "level": [
                            {
                              "label": "Enter Recurring Invoices"
                            },
                            {
                              "label": "Import AP Invoices",
                              "levelNo": "6",
                              "displayText": "Process Invoices",
                              "description": "Import AP Invoices Text",
                              "level": [
                                {
                                  "label": "L4.1",
								  "levelNo": "7",
                                  "displayText": "Import AP Invoices",
                                  "description": "L4.1 Text",
                                },
                                {
                                  "label": "L4.2"
                                },
                                {
                                  "label": "L4.3"
                                },
                                {
                                  "label": "L4.3"
                                }
                              ]
                            },
                            {
                              "label": "Manual AP Invoices"
                            },
                            {
                              "label": "Process Supplier Invoice"
                            },
                            {
                              "label": "Process Pre Payment"
                            }
                          ]
                        },
                        {
                          "label": "Close AP Subledger"
                        },
                        {
                          "label": "Process payments"
                        },
                        {
                          "label": "Vendor Invoice Approval"
                        }
                      ]
                    }
                  ]
                },
                {
                  "label": "OTC"
                },
                {
                  "label": "RTR"
                },
                {
                  "label": "PTM"
                }
              ]
            },
            {
              "label": "Data Management"
            },
            {
              "label": "Assets"
            },
            {
              "label": "User Stories"
            },
            {
              "label": "Testing and Release"
            }
          ]
        }