{
          "label": "Capabilties",
          "levelNo": "1",
          "level": [
            {
              "label": "Business Process",
              "levelNo": "2",
              "level": [
                {
                  "label": "PTP",
                  "levelNo": "3",

                  "level": [
                    {
                      "label": "Procurerment"
                    },
                    {
                      "label": "Account payable",
                      "levelNo": "4",

                      "level": [
                        {
                          "label": "AP-AR Netting"
                        },
                        {
                          "label": "Process Invoices",
                          "levelNo": "5",

                          "level": [
                            {
                              "label": "Enter Recurring Invoices"
                            },
                            {
                              "label": "Import AP Invoices",
                              "levelNo": "6",
                              "level": [
                                {
                                  "label": "L4.1"
                                },
                                {
                                  "label": "L4.2"
                                },
                                {
                                  "label": "L4.3"
                                },
                                {
                                  "label": "L4.3"
                                }
                              ]
                            },
                            {
                              "label": "Manual AP Invoices"
                            },
                            {
                              "label": "Process Supplier Invoice"
                            },
                            {
                              "label": "Process Pre Payment"
                            }
                          ]
                        },
                        {
                          "label": "Close AP Subledger"
                        },
                        {
                          "label": "Process payments"
                        },
                        {
                          "label": "Vendor Invoice Approval"
                        }
                      ]
                    }
                  ]
                },
                {
                  "label": "OTC"
                },
                {
                  "label": "RTR"
                },
                {
                  "label": "PTM"
                }
              ]
            },
            {
              "label": "Data Management"
            },
            {
              "label": "Assets"
            },
            {
              "label": "User Stories"
            },
            {
              "label": "Testing and Release"
            }
          ]
        }